{
  "tun": true,
  "tun_stack": "mixed",
  "tun_auto_route": true,
  "tun_strict_route": false,
  "tun_append_http_proxy": true,
  "tun_allow_bypass": false,
  "proxy": {
    "enable_cluster": false,
    "host": "127.0.0.1",
    "cluster_host": "127.0.0.1",
    "mixed_port": 3067,
    "mixed_direct_port": 3065,
    "mixed_forword_port": 3066,
    "control_port": 3057,
    "cluster_port": 3050,
    "pprof_port": 0,
    "auto_set_system_proxy": false,
    "disconnect_when_quit": false
  },
  "ui": {
    "theme": "dark",
    "disable_font_scaler": false
  },
  "webdav": {
    "url": "",
    "user": "",
    "password": ""
  },
  "tls": {
    "enable_fragment": false,
    "fragment_size": "1",
    "fragment_sleep": "0",
    "enable_mixed_case_sni": false,
    "enable_padding": false,
    "padding_size": ""
  },
  "my_link": "",
  "auto_connect_after_launch": true,
  "download_profile_prefer_proxy": false,
  "proxy_all": true,
  "inbound_domain_resolve": true,
  "enable_geosite": true,
  "enable_geoip": true,
  "enable_acl": true,
  "use_remote_geosite": false,
  "use_remote_geoip": false,
  "use_remote_acl": false,
  "geosite_apple_direct_opt": false,
  "auto_select_server_time_interval": 28800,
  "auto_select_server_prioritize_my_fav": false,
  "auto_select_server_filter": false,
  "auto_select_server_filter_num": 200,
  "quit_when_switch_systemUser": false,
  "sleep_with_system": false,
  "time_connect": null,
  "time_disconnect": null,
  "disable_ua_report": false,
  "language_tag": "fa",
  "region_code": "IR",
  "dns_enable_rule": false,
  "dns_test_domain": "gstatic.com",
  "enable_ipv6": false,
  "dns_enable_fake_ip": false,
  "dns_enable_proxy_resolve_by_proxy": true,
  "dns_enable_final_resolve_by_proxy": true,
  "dns_resolver": "local",
  "dns_outbound": "local",
  "dns_direct": "local",
  "dns_proxy": "https://1.1.1.1/dns-query",
  "dns_final": "https://1.1.1.1/dns-query",
  "dns_list": [],
  "speed_test_list": [],
  "speed_test": "https://speed.cloudflare.com/",
  "url_test_list": [],
  "url_test": "https://www.gstatic.com/generate_204",
  "url_test_retest_if_network_updated": false,
  "front_proxy": "",
  "geosite": "",
  "geoip": "",
  "home_show_myprofiles": true,
  "home_show_addprofile": true,
  "home_show_dns": true,
  "home_show_deversion": true,
  "home_show_netcheck": true,
  "home_show_speedtest": true,
  "home_show_mylink": true,
  "hide_invalid_server_my_profiles": true,
  "hide_invalid_server_select_server": false,
  "hide_invalid_server_diversion_rules": false,
  "sort_server_my_profiles": true,
  "sort_server_select_server": true,
  "sort_server_diversion_rules": false,
  "select_server_hide_recommand": false,
  "select_server_hide_recent": true,
  "select_server_hide_fav": false,
  "hide_unused_diversion_group": false,
  "disable_isp_diversion_group": false,
  "perapp_enable": true,
  "perapp_is_include": false,
  "auto_update_channel": "beta",
  "origin_sb_profile": "",
  "perapp": [
    "com.r15.provideomaker",
    "com.android.internal.systemui.navbar.threebutton",
    "com.samsung.aasaservice",
    "com.hecorat.screenrecorder.free",
    "com.sec.hearingadjust",
    "com.sand.airdroid",
    "com.google.android.projection.gearhead",
    "com.android.egg",
    "com.google.android.ext.services",
    "com.google.android.ext.shared",
    "com.google.android.webview",
    "com.samsung.android.audiomirroring",
    "com.samsung.android.authfw",
    "com.sec.android.app.DataCreate",
    "com.samsung.android.bbc.bbcagent",
    "com.sec.android.provider.badge",
    "com.sec.android.app.bluetoothagent",
    "com.android.bluetoothmidiservice",
    "com.android.bookmarkprovider",
    "com.samsung.cmfa.AuthTouch",
    "com.samsung.android.cmfa.framework",
    "com.samsung.cmh",
    "com.samsung.sec.android.application.csc",
    "com.android.calllogbackup",
    "com.callrecord.auto",
    "com.samsung.android.callbgprovider",
    "com.android.cameraextensions",
    "com.snap.camerakit.plugin.v1",
    "com.samsung.adaptivebrightnessgo",
    "com.sec.factory.cameralyzer",
    "com.android.carrierdefaultapp",
    "com.hornwerk.compactcassetteplayer",
    "com.sec.android.CcInfo",
    "com.google.android.cellbroadcastservice",
    "com.sec.android.app.chromecustomizations",
    "com.dencreak.dlcalculator",
    "com.samsung.android.app.clipboardedge",
    "com.samsung.clipboardsaveservice",
    "android.autoinstalls.config.samsung",
    "com.google.android.configupdater",
    "com.samsung.android.ConnectivityOverlay",
    "com.samsung.android.ConnectivityUxOverlay",
    "com.samsung.android.container",
    "com.samsung.android.mcfds",
    "com.samsung.android.dqagent",
    "com.sec.android.app.parser",
    "com.samsung.android.dck.timesync",
    "com.google.android.apps.turbo",
    "com.samsung.android.kgclient",
    "com.sec.android.app.factorykeystring",
    "com.sec.android.diagmonagent",
    "com.android.providers.downloads",
    "com.samsung.android.dsms",
    "com.android.dynsystem",
    "com.sec.android.easyonehand",
    "com.eco.vpn.supervpn",
    "com.samsung.android.emergency",
    "com.sec.android.provider.emergencymode",
    "com.sec.enterprise.mdm.services.simpin",
    "com.sec.epdgtestapp",
    "com.samsung.android.aircommandmanager",
    "com.sec.facatfunction",
    "com.samsung.faceservice",
    "com.sec.factory.camera",
    "com.samsung.android.providers.factory",
    "com.samsung.android.provider.filterprovider",
    "com.samsung.android.app.galaxyfinder",
    "com.monotype.android.font.foundation",
    "com.android.location.fused",
    "com.samsung.android.gru",
    "com.sec.android.app.samsungapps",
    "com.samsung.android.themestore",
    "com.samsung.android.game.gos",
    "com.samsung.android.game.gamehome",
    "com.android.internal.systemui.navbar.gestural",
    "com.samsung.internal.systemui.navbar.sec_gestural",
    "com.android.internal.systemui.navbar.gestural_narrow_back",
    "com.android.internal.systemui.navbar.gestural_wide_back",
    "com.samsung.internal.systemui.navbar.gestural_no_hint",
    "com.android.internal.systemui.navbar.gestural_extra_wide_back",
    "com.samsung.internal.systemui.navbar.sec_gestural_no_hint",
    "com.google.android.gm",
    "com.google.android.onetimeinitializer",
    "com.google.android.partnersetup",
    "com.google.ar.core",
    "com.google.android.apps.carrier.carrierwifi",
    "com.samsung.android.sdk.handwriting",
    "com.samsung.android.hdmapp",
    "com.hiya.star",
    "com.sec.android.app.hwmoduletest",
    "com.sec.imsservice",
    "com.samsung.advp.imssettings",
    "com.samsung.ipservice",
    "ru.iptvremote.android.iptv.pro",
    "com.sec.imslogger",
    "com.android.inputdevices",
    "com.samsung.klmsagent",
    "com.samsung.android.knox.kpecore",
    "com.samsung.android.keycustomizationinfobackupservice",
    "com.samsung.android.knox.analytics.uploader",
    "com.sec.enterprise.knox.cloudmdm.smdms",
    "com.samsung.android.knox.pushmanager",
    "com.knox.vpn.proxyhandler",
    "com.android.wallpaper.livepicker",
    "com.samsung.android.localeoverlaymanager",
    "com.fogg.photovideomaker",
    "com.samsung.android.mdm",
    "com.mediatek.mdmlsample",
    "com.google.mainline.adservices",
    "com.google.android.modulemetadata",
    "com.google.android.apps.maps",
    "com.google.android.apps.tachyon",
    "com.facebook.system",
    "com.facebook.appmanager",
    "com.facebook.services",
    "com.android.mms.service",
    "com.samsung.android.server.wifi.mobilewips",
    "ir.mci.ecareapp",
    "com.Shatel.myshatel",
    "com.android.nfc",
    "com.sec.vsim.ericssonnsds.webapp",
    "com.samsung.android.allshare.service.mediashare",
    "com.samsung.android.networkstack",
    "com.android.theme.font.notoserifsource",
    "com.android.internal.systemui.onehanded.gestural",
    "com.microsoft.skydrive",
    "com.android.hotspot2.osulogin",
    "com.oxygenvpn.app",
    "com.android.pacprocessor",
    "com.netflix.partner.activation",
    "com.samsung.android.peripheral.framework",
    "com.google.android.printservice.recommendation",
    "com.android.printspooler",
    "com.google.android.as.oss",
    "com.samsung.android.privateshare",
    "com.android.proxyhandler",
    "com.psiphon3",
    "com.psiphon3.subscription",
    "com.gamma.scan",
    "com.samsung.android.app.sharelive",
    "com.rarlab.rar",
    "com.samsung.rcs",
    "com.samsung.android.app.reminder",
    "mob.banking.android.resalat",
    "com.mobile.bizo.reverse",
    "app.rbmain.a",
    "com.lenovo.anyshare.gps",
    "com.skms.android.agent",
    "com.simplemobiletools.smsmessenger",
    "com.samsung.android.svcagent",
    "com.sec.android.app.billing",
    "com.samsung.android.scloud",
    "com.samsung.android.scpm",
    "com.samsung.android.scs",
    "com.sec.android.sdhms",
    "com.samsung.android.app.spage",
    "com.samsung.android.mateagent",
    "com.sec.location.nsflp2",
    "com.samsung.android.mcfserver",
    "com.samsung.android.samsungpass",
    "com.samsung.android.spayfw",
    "com.sec.spp.push",
    "com.samsung.android.ipsgeofence",
    "com.osp.app.signin",
    "com.monotype.android.font.samsungone",
    "com.samsung.android.samsungpositioning",
    "com.samsung.android.smartsuggestions",
    "com.samsung.android.providers.media",
    "com.samsung.android.secsoundpicker",
    "com.sec.sve",
    "com.android.se",
    "mob.banking.android.sepah",
    "com.samsung.android.appseparation",
    "com.sec.android.app.servicemodeapp",
    "com.sec.android.RilServiceModeApp",
    "com.sec.location.nfwlocationprivacy",
    "com.samsung.android.app.settings.bixby",
    "com.sec.android.app.setupwizardlegalprovider",
    "com.android.shell",
    "com.samsung.android.shortcutbackupservice",
    "com.samsung.ims.smk",
    "com.samsung.android.smartcallprovider",
    "com.samsung.android.visualars",
    "com.samsung.android.smartmirroring",
    "com.sec.android.smartfpsadjuster",
    "com.samsung.android.smartface",
    "com.samsung.android.service.stplatform",
    "com.samsung.android.stickercenter",
    "com.google.mainline.telemetry",
    "com.android.uwb.resources",
    "com.samsung.sec.android.teegris.tui_service",
    "com.samsung.android.accessibility.talkback",
    "com.google.android.networkstack.tethering",
    "com.sec.automation",
    "com.mtk.android.networkstack.tethering.overlay",
    "com.mtk.google.android.networkstack.tethering.overlay",
    "com.mtk.android.networkstack.tethering.inprocess.overlay",
    "com.sec.usbsettings",
    "dev.hexasoftware.v2box",
    "com.android.vpndialogs",
    "com.samsung.android.wcmurlsnetworkstack",
    "com.samsung.android.app.watchmanagerstub",
    "com.sec.unifiedwfc",
    "com.samsung.android.allshare.service.fileshare",
    "io.nekohasekai.sagernet.plugin.wireguard",
    "com.sec.android.app.wlantest",
    "android.auto_generated_rro_product__",
    "com.android.backupconfirm",
    "com.android.carrierconfig",
    "com.android.cts.ctsshim",
    "com.android.cts.priv.ctsshim",
    "com.android.localtransport",
    "com.android.ons",
    "com.android.providers.media",
    "com.android.providers.partnerbookmarks",
    "com.android.sharedstoragebackup",
    "com.android.wallpaperbackup",
    "com.android.wallpapercropper",
    "com.android.wifi.dialog",
    "com.google.android.nearby.halfsheet",
    "com.google.android.networkstack.tethering.overlay",
    "com.google.android.ondevicepersonalization.services",
    "com.google.android.overlay.gmsconfig.asi",
    "com.google.android.overlay.gmsconfig.common",
    "com.google.android.overlay.gmsconfig.geotz",
    "com.google.android.overlay.gmsconfig.gsa",
    "com.google.android.overlay.gmsconfig.photos",
    "com.google.android.overlay.modules.captiveportallogin.forframework",
    "com.google.android.overlay.modules.cellbroadcastreceiver",
    "com.google.android.overlay.modules.cellbroadcastservice",
    "com.google.android.overlay.modules.documentsui",
    "com.google.android.overlay.modules.ext.services",
    "com.google.android.overlay.modules.modulemetadata.forframework",
    "com.google.android.overlay.modules.permissioncontroller",
    "com.google.android.overlay.modules.permissioncontroller.forframework",
    "com.google.android.sdksandbox",
    "com.mediatek",
    "com.mediatek.FrameworkResOverlayExt",
    "com.mediatek.MtkSettingsResOverlay",
    "com.mediatek.SettingsProviderResOverlay",
    "com.mediatek.apmonitor",
    "com.mediatek.batterywarning",
    "com.mediatek.cellbroadcastuiresoverlay",
    "com.mediatek.entitlement.fcm",
    "com.mediatek.frameworkresoverlay",
    "com.mediatek.gbaservice",
    "com.mediatek.systemuiresoverlay",
    "com.samsung.android.biometrics.app.setting",
    "com.samsung.android.knox.attestation",
    "com.samsung.android.networkstack.tethering.overlay",
    "com.samsung.android.smartface.overlay",
    "com.samsung.android.smartswitchassistant",
    "com.samsung.android.wallpaper.res",
    "com.samsung.android.wifi.h2e.resources",
    "com.samsung.android.wifi.p2paware.resources",
    "com.samsung.android.wifi.resources",
    "com.samsung.android.wifi.softap.resources",
    "com.samsung.android.wifi.softapwpathree.resources",
    "com.sec.bcservice",
    "com.sec.epdg",
    "com.sec.phone",
    "com.sec.android.iaft",
    "com.samsung.android.location",
    "ir.partsoftware.cup",
    "com.google.android.apps.restore",
    "com.sec.android.app.quicktool",
    "com.samsung.android.privacydashboard",
    "com.samsung.android.beaconmanager",
    "com.samsung.android.easysetup",
    "com.sec.android.app.safetyassurance",
    "com.samsung.android.mobileservice",
    "com.android.emergency",
    "com.samsung.safetyinformation",
    "com.samsung.android.service.peoplestripe",
    "com.bpm.moba",
    "com.samsung.android.sm.devicesecurity",
    "com.samsung.android.providers.contacts",
    "com.samsung.android.app.soundpicker",
    "ir.eitaa.messenger",
    "com.android.providers.downloads.ui",
    "com.farsitel.bazaar",
    "ir.basalam.app",
    "com.samsung.android.mtp",
    "com.sec.android.app.SecSetupWizard",
    "com.samsung.android.app.appsedge",
    "com.samsung.android.app.omcagent",
    "com.android.apps.tag",
    "com.baladmaps",
    "com.android.bluetooth",
    "com.samsung.android.app.updatecenter",
    "com.wssyncmldm",
    "com.sec.android.soagent",
    "com.samsung.android.cidmanager",
    "com.samsung.android.sdm.config",
    "com.google.audio.hearing.visualization.accessibility.scribe",
    "com.samsung.android.app.dressroom",
    "com.samsung.android.game.gametools",
    "com.samsung.android.calendar",
    "com.samsung.crane",
    "com.samsung.android.dialer",
    "com.samsung.android.incallui",
    "com.samsung.android.mdecservice",
    "com.android.server.telecom",
    "com.android.providers.settings",
    "com.android.managedprovisioning",
    "com.android.settings",
    "com.samsung.android.app.telephonyui",
    "com.sec.android.app.soundalive",
    "com.samsung.android.vtcamerasettings",
    "com.android.externalstorage",
    "com.samsung.android.uds",
    "com.samsung.android.app.routines",
    "com.hgh.debtmanager",
    "com.sec.app.RilErrorNotifier",
    "com.sec.android.app.ve.vebgm",
    "com.samsung.storyservice",
    "com.samsung.android.da.daagent",
    "com.sec.android.app.camera",
    "com.sec.android.app.magnifier",
    "com.sec.android.app.fm",
    "com.sec.android.emergencylauncher",
    "com.sec.android.widgetapp.webmanual",
    "com.android.traceur",
    "com.google.android.providers.media.module",
    "com.samsung.android.mdx.quickboard",
    "com.android.dreams.basic",
    "com.android.keychain",
    "com.sec.android.app.clockpackage",
    "com.samsung.android.app.clockpack",
    "com.samsung.android.themecenter",
    "com.samsung.android.rubin.app",
    "com.android.bips",
    "com.android.phone",
    "com.samsung.android.dynamiclock",
    "com.samsung.android.forest",
    "com.samsung.android.aremoji",
    "com.samsung.android.setting.multisound",
    "com.sec.android.app.launcher",
    "com.samsung.android.honeyboard",
    "com.samsung.android.aware.service",
    "com.sec.android.easyMover.Agent",
    "com.samsung.android.app.smartcapture",
    "com.samsung.android.networkdiagnostic",
    "ir.basalam.basalam",
    "com.sec.android.app.myfiles",
    "com.google.android.documentsui",
    "com.diotek.sec.lookup.dictionary",
    "com.android.providers.telephony",
    "com.samsung.android.mdx.kit",
    "com.samsung.accessibility",
    "ir.ayantech.ghabzino",
    "com.android.internal.display.cutout.emulation.waterfall",
    "com.android.internal.display.cutout.emulation.tall",
    "com.microsoft.appmanager",
    "com.samsung.android.mdx",
    "com.samsung.android.bluelightfilter",
    "com.android.dreams.phototable",
    "com.android.providers.calendar",
    "com.android.providers.blockednumber",
    "com.google.android.contacts",
    "com.samsung.android.app.contacts",
    "com.sec.android.widgetapp.easymodecontactswidget",
    "com.android.companiondevicemanager",
    "com.google.android.networkstack",
    "files.fileexplorer.filemanager",
    "com.android.storagemanager",
    "com.samsung.android.lool",
    "com.samsung.android.icecone",
    "com.android.htmlviewer",
    "com.google.android.connectivity.resources",
    "com.samsung.SMT",
    "com.samsung.android.arzone",
    "com.android.certinstaller",
    "com.samsung.android.kidsinstaller",
    "com.google.android.packageinstaller",
    "com.sec.android.autodoodle.service",
    "com.samsung.android.ardrawing",
    "com.sec.mhs.smarttethering",
    "com.android.internal.display.cutout.emulation.corner",
    "com.android.internal.display.cutout.emulation.double",
    "com.samsung.android.knox.containercore",
    "com.samsung.android.net.wifi.wifiguider",
    "com.google.android.cellbroadcastreceiver",
    "com.isc.bsinew",
    "com.pmb.mobile",
    "com.google.android.as",
    "com.android.providers.userdictionary",
    "com.google.android.captiveportallogin",
    "com.sec.android.daemonapp",
    "com.samsung.app.newtrim",
    "com.sec.android.mimage.photoretouching",
    "com.samsung.android.video",
    "com.samsung.android.samsungpassautofill",
    "com.samsung.android.app.dofviewer",
    "com.sec.android.app.personalization",
    "com.samsung.knox.securefolder",
    "com.wsomacp",
    "com.samsung.android.app.cocktailbarservice",
    "com.google.android.apps.messaging",
    "com.samsung.android.messaging",
    "com.android.settings.intelligence",
    "com.samsung.android.mapsagent",
    "com.samsung.android.app.taskedge",
    "com.samsung.android.inputshare",
    "com.google.android.permissioncontroller",
    "com.android.stk",
    "com.android.stk2",
    "com.sec.android.gallery3d",
    "com.samsung.android.widget.pictureframe",
    "com.samsung.android.fmm",
    "com.android.systemui",
    "com.samsung.android.fast",
    "com.android.internal.display.cutout.emulation.hole",
    "com.google.android.tts",
    "com.google.android.setupwizard",
    "com.google.android.gms.location.history",
    "com.google.android.feedback",
    "com.android.wifi.resources",
    "com.google.android.safetycenter.resources",
    "com.android.mtp",
    "com.google.android.syncadapters.calendar",
    "com.google.android.gsf",
    "com.android.simappdialog",
    "com.google.android.gms.supervision",
    "com.android.chrome"
  ]
}